Pitcher,PitchType,RelSpeed,SpinRate,InducedVertBreak,HorzBreak,RelHeight,RelSide,Extension,PlateLocSide,PlateLocHeight,PitchCall
Sample Pitcher,Fastball,93.00653812244697,2314.4584021834326,16.97481696023885,9.45524221010897,6.0916364782314805,1.7082467945727429,6.1500497951317925,-0.2612243393614174,2.263155292341018,FoulBall
Sample Pitcher,Fastball,90.60076020868524,2190.4673486569723,17.019103637089902,7.780815632876887,5.964274471848986,1.793604990651535,6.315235005017582,0.623668516862864,2.589526478105144,InPlay
Sample Pitcher,Fastball,90.34052154907782,2361.743526834059,17.581062394245507,5.934783498589297,6.0576369051181995,1.819507612829046,6.172209427039936,0.8717524258583662,2.897412292278212,BallCalled
Sample Pitcher,Fastball,91.25765396919657,2306.858811255756,15.349817005333202,5.953769211854464,5.800233774195809,1.7371395439281363,6.0805968684905505,0.8131412602620725,2.147339307453631,StrikeCalled
Sample Pitcher,Fastball,91.14936617978412,2314.1409914262554,15.940625927541326,9.289646097194119,6.037712294052557,1.8795088793656693,5.810321325373032,-0.8891037252357629,2.427151477996971,FoulBall
Sample Pitcher,Changeup,82.47095159273255,1828.1740228047818,8.253395586523087,11.764014859280467,6.03570937252346,1.6569828764909387,6.088326150946325,0.9786832633832467,1.579640619982343,StrikeSwinging
Sample Pitcher,Fastball,93.388594898926,2211.0970878040507,18.531993162202696,8.588039916589869,6.126933001213031,1.6562418487523598,6.346630985263267,-0.2684514406482338,1.3916272318071141,BallCalled
Sample Pitcher,Fastball,92.26349918114536,2363.4525456611295,11.748632826050173,8.171523664730895,5.649734601165719,1.8555293185575308,5.853176583692155,-0.5662721531586258,1.2757707404637677,StrikeSwinging
Sample Pitcher,Slider,83.51077525456259,2362.3346581390674,4.174220396977532,-3.7902734681162276,5.763922532659841,1.6247037369653403,6.051050565239345,-0.12699577257635505,2.8869358508461707,StrikeSwinging
Sample Pitcher,Fastball,90.78597522594083,2323.227703550177,16.008311264187697,8.707377211768831,6.023471145405096,1.909352587929381,6.022503053568327,0.6233463264365491,2.1465691139338174,StrikeCalled
Sample Pitcher,Fastball,91.85370091591068,2199.232135130571,14.371644647626745,6.599493823373147,5.502295328017791,1.79785790814046,5.960459085872451,0.40534813802104686,0.9966598028816978,BallCalled
Sample Pitcher,Fastball,93.32216072644277,2310.504467021586,15.612519464093324,6.536707731477888,5.973800926068253,1.525813617192418,6.1495846009038,-0.19153980889070082,2.3526832854872928,InPlay
Sample Pitcher,Slider,84.1498196075287,2732.7354179039057,1.4227702424610125,-3.8433270800937476,6.058970663739705,1.816424868834142,6.188661048251201,0.6282494001584811,1.4633840011604373,BallCalled
Sample Pitcher,Fastball,91.48559664053693,2289.218052964702,15.013470836811297,7.0559830841534055,5.8135437128674345,1.5472280063116508,6.186565380958687,0.10489543556957619,3.645284114229729,BallCalled
Sample Pitcher,Slider,87.45071365870851,2423.4493599828497,-1.7341203617899295,-4.5922911843817875,5.835471499983214,1.9040043014483492,5.904638047276975,-0.4297285991545307,1.9658837088098802,InPlay
Sample Pitcher,Changeup,85.59284729250165,1644.1362732046305,8.03034804861375,9.967029598756238,5.7388793979140145,1.7626928506124107,5.770803261133263,-0.5310264622188698,2.911129489364341,StrikeCalled
Sample Pitcher,Slider,83.0715286821197,2399.1158904537765,3.0643523196903075,-3.536124982742824,5.82176793204029,2.077662632476023,6.1524776873061455,0.3076761333162149,3.2167222705387406,StrikeCalled
Sample Pitcher,Changeup,84.88909205802045,1736.3526288121648,5.624498035808399,13.14396478368122,5.826114724705737,1.9606969266558911,5.99881619170347,-0.061888301861701245,1.6838036605822189,FoulBall
Sample Pitcher,Slider,83.83938192180996,2501.969611579083,-1.1659108394444728,-3.6032816653623323,5.7975738088301725,1.6408961240652264,6.467662475937357,-1.0316288650602272,2.4570353381660306,InPlay
Sample Pitcher,Changeup,83.0797655957594,1917.4684666741396,7.331464551240832,11.337354238991065,5.789348273332326,1.4968890204237875,6.476901939202989,0.6353711198021272,2.8151009260411097,InPlay
Sample Pitcher,Slider,83.41460024891438,2537.699981728621,0.8810585137021945,-5.997855702286375,5.8593492822667415,1.686734811481294,6.498137958879208,-0.3602062714683153,2.4866596293075798,FoulBall
Sample Pitcher,Slider,85.23812146699686,2451.8425779978916,1.1059810801762904,-3.2022363881038656,5.857534352651582,1.6168112095754443,5.911977819793057,1.1940897359915958,2.6708255694823633,StrikeSwinging
Sample Pitcher,Slider,82.51283279399236,2799.7850937705866,-0.4440087739195864,-1.0566533986582445,6.181119784979159,2.0738607130315643,6.213873817348419,-1.052242488866033,1.4027779548306347,FoulBall
Sample Pitcher,Changeup,84.75030977730091,1845.3303551642782,12.048032486924944,13.088549827091638,5.840872228532449,1.7984528011079772,6.2741905034502965,-0.13553144729250854,2.8155271647858933,StrikeCalled
Sample Pitcher,Fastball,92.2909306680999,2442.353743492758,16.886580213463713,7.987677529375265,5.951622532428779,1.9400128206274752,6.25167084670888,-0.5249832633294207,2.035376854370468,InPlay
Sample Pitcher,Slider,83.48075212816168,2261.84851454694,-0.22466382956271103,-3.551319089114449,5.813467555028555,1.757245363117412,6.0291204111612275,-0.7315668902830041,2.6620884174631056,StrikeCalled
Sample Pitcher,Fastball,91.707335015196,2251.9920680191567,14.483494309427638,7.714382364484932,5.811560633623782,1.7730498767579033,6.355832980593065,-0.3650930375687825,3.089991634163598,FoulBall
Sample Pitcher,Changeup,83.70784004172211,1543.9471052875688,2.016028201364148,11.261178136129773,5.644344419340107,1.7951059466236639,6.100094997273304,1.3279257067777361,2.901606380638705,BallCalled
Sample Pitcher,Fastball,92.58542079757989,2344.1762353666427,14.136312268813887,7.351940690733829,5.664295062828336,1.965980897788867,6.125621224987087,0.10752762755962766,2.6615397941171053,StrikeCalled
Sample Pitcher,Slider,83.97669308314947,2212.668710826785,0.944381707280211,-5.338914426421097,5.71895025805205,1.84674371335119,5.792433309644571,-0.5937810290980716,2.8815962221383873,FoulBall
Sample Pitcher,Slider,82.29964948761258,2453.5547018306333,2.6734143835126116,-4.33359093218575,5.927554525214011,1.6413999234785004,6.228952993914597,-1.3714713077530538,2.916308290416589,StrikeSwinging
Sample Pitcher,Changeup,82.12636705025201,1632.0028318387324,6.152696939947288,14.71425495102276,6.061426048292688,2.0433771207129627,6.047917657285518,-1.2910219097607647,3.5216258710379442,BallCalled
Sample Pitcher,Fastball,91.74175957799251,2264.04528046644,14.27780005779331,8.828901770531925,5.632000320965672,1.756077675152053,6.192955772420104,-0.4023473580890515,2.3744619754029217,InPlay
Sample Pitcher,Slider,82.41464019385417,2413.0262937111024,3.3924149236721677,-4.404480178894119,5.817638479797678,1.7316719814185029,6.147022739960923,-0.4752659881039951,2.5229677450817913,InPlay
Sample Pitcher,Slider,84.32015198948997,2245.5663268484923,4.164842903233897,-3.6892685077688143,5.694966393597448,1.375574204662645,6.136187315332754,-0.1680380296758641,3.0990501067320837,StrikeSwinging
Sample Pitcher,Changeup,85.0448948817391,1583.9133124197917,6.589392672911848,6.869416610637543,5.860358435879968,1.8951599386742006,6.0908572855066625,-1.7041378503268887,2.032209292677365,BallCalled
Sample Pitcher,Changeup,86.13376930839803,1714.5552004023718,5.645797292559727,11.412296045597053,6.061365424056073,1.8151518959492825,6.257319946932091,-0.06876119628490013,1.3985493954915107,FoulBall
Sample Pitcher,Fastball,93.3242298720336,2106.161750426397,13.595499877707343,8.410982709309499,5.832967639758804,1.8149888484902854,6.060221492622986,0.7707973313603308,2.769922630937078,FoulBall
Sample Pitcher,Fastball,92.36221562787911,2302.8058125499083,16.734439215808603,7.660242131030316,5.892872454170046,1.7395762993333774,5.808960516109403,1.2171309355231466,2.2454822365380416,BallCalled
Sample Pitcher,Fastball,92.84291491786226,2342.5219670157485,13.076442146623114,8.016684954321741,6.118284259458847,1.7137173239800827,6.213791121274786,-1.4208346109378545,1.4943544411992242,BallCalled
Sample Pitcher,Changeup,84.12000227820947,1686.3430672620166,6.73138044667602,13.2525403608482,5.968685139576187,1.7445629359754355,5.938198895017672,-0.6010445694293667,2.775406447034878,FoulBall
Sample Pitcher,Fastball,91.58709560283609,2221.0593922821026,16.243137712838262,7.714156528314498,5.78598622162748,1.8694741306690918,5.835147631463571,-0.6406753957309014,3.473349761271936,StrikeCalled
Sample Pitcher,Slider,83.86702025838794,2521.905097969245,1.584355622559247,-3.7400674157680065,5.923837292875359,1.8958676659550027,5.89555133317148,0.10929107064423751,1.1776930902831855,BallCalled
Sample Pitcher,Slider,83.59454933284003,2507.2792988571914,0.4779321927464284,-3.928740573018867,5.7758676482896565,1.7653452617438103,6.156666475871384,-0.9148293509073401,3.1667437464123607,BallCalled
Sample Pitcher,Fastball,93.08139156637164,2426.506857182466,15.451364921428704,9.492546167576009,5.9630723019104,1.9423406241475139,6.080696239381029,1.2616974365450107,0.49719936319073854,BallCalled
Sample Pitcher,Fastball,91.34625090103039,2462.033046419841,17.26685628957472,8.865020351194866,5.977301023110914,1.7881538728473785,5.67346339406543,0.03264185376430483,2.0997850273638647,StrikeCalled
Sample Pitcher,Fastball,92.39533241122137,2206.7141202234047,16.427808889548636,8.593187973198713,5.694926044925232,1.7243660372814518,6.023268811389466,-0.09235971697440881,3.7803869341819345,BallCalled
Sample Pitcher,Changeup,83.12790892636554,1743.3211321171189,6.700123046230688,11.32905593944592,5.926272412607866,1.8297623362361046,6.333846244994953,1.194535300337083,2.1537569636153497,BallCalled
Sample Pitcher,Fastball,89.39860783815514,2330.291806692808,16.056584345023357,8.885964619995312,5.882364011300613,1.596092037225921,6.009740865813324,-0.012035718062511132,2.467453796865744,StrikeSwinging
Sample Pitcher,Fastball,92.19256841503774,2314.886319436327,16.57475353398429,8.944096918285076,5.9817016095758175,1.8349077463618872,6.066904689314481,0.30022755487401653,2.9721496505801666,FoulBall
Sample Pitcher,Slider,82.05442794044185,2485.7149818551734,0.7865023147048704,-3.0811888933158316,6.0247020576528705,1.5686726841710443,6.30859828746543,-0.5630987049690369,1.1126448644545106,InPlay
Sample Pitcher,Fastball,92.27558988004778,2307.3368252206196,17.17948550243737,11.177314718645295,5.971617440618691,1.6458409560024354,6.259097851640907,-1.0278765487907877,2.4540711006298164,StrikeSwinging
Sample Pitcher,Changeup,82.14987675180703,1629.848053408128,8.35501198725587,11.193382546220022,5.854520996993037,1.4971962889925063,6.304350217530342,-0.457771223628173,2.448159803970981,StrikeSwinging
Sample Pitcher,Fastball,90.79788238208758,2379.221986293125,15.084088905550555,7.41728476157268,6.0399995031296,1.773732457099275,5.545489277989259,1.6402318792086181,3.7967407299365545,InPlay
Sample Pitcher,Fastball,91.34552840031354,2184.586149216156,15.213725640617497,6.886600044263533,5.769040583553463,2.0414450553463643,6.446704607688422,0.47476571121521693,1.4731943767516325,BallCalled
Sample Pitcher,Fastball,88.84292588235293,2351.6148972792494,15.646930010780515,8.258760782577612,5.701921700994576,1.7824385008377848,6.227280087085585,0.20590112783328748,2.113845512662409,StrikeCalled
Sample Pitcher,Fastball,91.82671666735621,2360.313603706031,15.784641030042755,8.020102787327058,5.420706997315881,1.8965378069149692,6.592295282804829,-0.7322800426388998,1.7037331568822882,StrikeCalled
Sample Pitcher,Fastball,91.9460990242236,2308.347055843661,14.487962563295664,7.648876890379782,5.889478857239427,2.1528470845968584,5.943534793845143,0.6834381007378844,1.6241911472314654,StrikeCalled
Sample Pitcher,Slider,82.69965622598998,2075.041671588114,2.189022986735146,-3.1863442903416495,5.776768034075985,1.8606083772180144,5.747309878870218,-1.0182699557353436,3.2455520452984334,BallCalled
Sample Pitcher,Fastball,94.05074827527726,2296.9266630869133,17.32502745663819,6.347878683228824,5.959663171411303,1.6852181933117967,6.101443691345035,-1.1752923372617858,2.419988626500613,FoulBall
Sample Pitcher,Fastball,93.70486453127175,2298.0420948968626,15.541483208047739,6.438317798911091,5.6043158908933455,1.7058647095896244,6.044925534048567,-0.4191653421612344,1.9833246026801095,StrikeCalled
Sample Pitcher,Fastball,92.60899941397423,2290.911649020934,16.962565973520782,6.463662093352937,5.802923217365075,1.8000987312334509,6.230732796722964,1.4658681839710859,2.0116155741430983,FoulBall
Sample Pitcher,Fastball,91.9811417250442,2098.35803227803,16.334348744505757,7.45950861886102,5.970540485879673,1.7050658032108614,6.314985668917271,1.4234206742944586,1.977579692290953,BallCalled
Sample Pitcher,Changeup,81.59421648507973,1850.9685738518822,6.802934362707279,10.916144254848666,5.745524578047653,1.7162869500279854,6.082541171024101,-0.3384276961879078,2.0446476169442294,StrikeCalled
Sample Pitcher,Fastball,92.47233899622981,2219.8574482990884,13.983539314711555,7.9271427668010945,5.961388512291929,1.9477880863889234,6.051858390837454,-0.5056492636484882,1.4516659917830514,BallCalled
Sample Pitcher,Changeup,86.03317310324901,1772.9182834784174,7.379999338518034,11.611167680443192,5.816446610739794,1.9539234421158318,6.204543963903225,-1.2302715304198348,2.2059528430761,FoulBall
Sample Pitcher,Fastball,90.09725185152163,2409.061645626557,15.912942208141306,6.82022732900138,5.895078753533001,1.5529661276927005,6.0487342668615005,0.05852304414006329,2.1305949812608915,StrikeCalled
Sample Pitcher,Fastball,91.88215970854604,2325.378676668101,16.935463149417476,9.310649381084293,5.989273700962529,1.6772745723149671,6.032003579820642,0.12150956399108957,1.831652470197493,FoulBall
Sample Pitcher,Fastball,93.55650106404165,2277.315202714991,15.057343598226801,7.910749207569895,6.042919553467297,1.730399341962991,6.307426987735057,0.5921671906476842,2.516284692228731,InPlay
Sample Pitcher,Fastball,95.68715416536033,2229.167698400782,12.250103913876405,9.593971046047706,5.913873861698091,1.8898633419247879,6.3519555713807145,0.683030634993873,2.5799171100886187,InPlay
Sample Pitcher,Slider,83.22905198876582,2514.3653403207186,5.36061421195667,-0.868422901522031,5.777898455768189,1.9714613382758486,6.316793248772618,-0.1480664382484747,1.9825145892812193,StrikeSwinging
Sample Pitcher,Fastball,91.42850227883157,2369.229248398576,15.90842802143364,7.963707667652968,5.831294170643053,2.2052951901410824,6.066354057454895,0.4170209060696883,2.2918993869253086,StrikeCalled
Sample Pitcher,Fastball,90.8410487084021,2205.5730740807753,16.095826338254998,7.155826392977434,5.995543304463044,1.7301490055576008,5.672042202449363,-0.525479150884902,4.018967795175643,BallCalled
Sample Pitcher,Slider,83.64607003548073,2729.2331552370747,1.0807698278521487,-2.7868136848811447,5.74681196247761,1.7376406928486956,6.07035878272143,0.4027819000205142,3.990324943951603,FoulBall
Sample Pitcher,Slider,85.02740446984369,2484.9151493679365,-0.4260711703974147,-5.747917700245765,5.873290010503969,1.888285502345657,5.94840399746459,-0.38042405863841905,1.609432357402698,StrikeCalled
Sample Pitcher,Changeup,84.43653242857356,1834.8406448962837,9.645227252370718,10.946615696291662,5.842117385245779,1.6976674921567712,6.074054996197882,0.3445938869752034,1.714164325058581,InPlay
Sample Pitcher,Changeup,81.15919955577462,1805.4161485082172,5.964964546382054,14.555920043068438,5.884495732502156,1.7788557207764224,5.965781821456478,0.2838759939640239,1.6054475422560026,InPlay
Sample Pitcher,Slider,83.03775059063575,2594.147245091467,4.1962965043754945,-5.027626966811947,5.748607620612594,1.7377442836824681,6.095852028906879,0.05160271927129821,3.1927904549791792,FoulBall
Sample Pitcher,Slider,80.71789525996651,2384.0882491463785,-0.5858701080031463,-4.879446002966479,5.622208347168184,1.4067519117143732,5.892144874153686,0.5959047886195158,2.1011030253182295,InPlay
Sample Pitcher,Slider,81.81000801173569,2419.385068431717,2.2544828979465006,-1.7759708037264113,5.978111392393947,1.818484984522732,5.843856512656324,-1.177799303520514,2.5797556826972246,BallCalled
Sample Pitcher,Fastball,92.73931371957961,2292.386214468657,14.366112819792548,9.277519809843575,6.044619713523297,1.7726458561045815,6.344538296514178,-0.7986871636657049,3.8977254999606625,BallCalled
Sample Pitcher,Slider,83.27938849769242,2319.7745351096028,-2.3044941292472725,-2.867184234656788,5.631173756375277,1.990684657538535,5.906068477326469,-0.2025447551647757,2.3921514042671532,StrikeCalled
Sample Pitcher,Fastball,95.09057725132503,2250.8469773464303,16.58874840550242,10.281430600086594,5.955338924138933,1.8008235611304533,6.10006632505127,-1.0824475407549923,2.9296865413179907,BallCalled
Sample Pitcher,Slider,85.1628057754145,2443.8469306533534,1.1494296056037812,-6.793960231550352,6.062477437226777,1.6117878782528743,6.290902969320567,-0.305148385916029,2.790315561975295,FoulBall
Sample Pitcher,Changeup,87.2119452282295,1586.93423777506,7.801382878444635,13.264145016638425,5.989386657014349,1.7612851690530715,6.282860825245915,-0.2809727213081627,1.9588369862280377,FoulBall
Sample Pitcher,Fastball,89.113940004226,2230.49859794647,16.76447614480942,7.075674131036649,5.837499473198591,1.486337573529506,6.25896964098307,0.9822628400000203,3.194371298806394,BallCalled
Sample Pitcher,Slider,83.80193754145795,2349.6713638791225,3.452258112231107,-2.74381634366968,5.7584755445373865,1.6183623247200536,6.160573302900307,0.10690027671859678,1.7627243931748606,FoulBall
Sample Pitcher,Changeup,83.95699974853959,1852.6071970153532,7.268125374236229,12.573252142993907,5.912146711902499,1.8953258952229497,6.2448006617073695,0.7720721820479086,3.404909839833132,InPlay
Sample Pitcher,Fastball,92.54176730197729,2440.3706603278433,15.018589471023503,8.932326140689813,5.937167758827033,1.7628989340069505,6.37461762652123,0.2262560391072886,1.9594117760931602,StrikeCalled
Sample Pitcher,Fastball,93.28227944863286,2347.5181012451685,16.508442848861673,7.993731809881012,5.914371126673386,1.9383762359247099,6.185004518799074,-0.401750453424049,2.041524209597929,StrikeSwinging
Sample Pitcher,Changeup,82.5893087502472,1871.3123250465467,7.67752822867701,11.958698334671062,5.872979805482365,1.5049661623682928,5.732559530637163,0.1002876058098841,1.5836341322799061,InPlay
Sample Pitcher,Changeup,83.86835392502526,1849.3884603477925,5.861694837671161,12.505816659876261,5.737602241381587,1.763630790401437,5.994293358769981,0.5470697504491298,1.7068054418875147,FoulBall
Sample Pitcher,Fastball,93.26597122761508,2223.836270410871,13.99590736741689,7.104143503510491,5.9634032436963285,1.7286731252418321,6.239274014344417,0.8950509948319356,2.079926758253598,BallCalled
Sample Pitcher,Fastball,91.36791734217842,2286.821239496792,16.116460864790753,10.475553751728565,5.970628174162029,1.943377287391981,5.974580813258119,-0.099232547200825,0.5764885815670411,BallCalled
Sample Pitcher,Slider,84.0861391502945,2493.1233437863275,-1.6115002515365253,-3.090757952865021,5.930123318819251,1.9009144152249935,6.424021227891728,-1.2356329828897081,2.2250007441183026,BallCalled
Sample Pitcher,Fastball,94.07772040049721,2278.8199712102996,15.517527477037053,6.016799152875051,5.916649046760689,1.8963378225132448,6.087364034366713,-1.2883516930664265,2.0190193220688624,InPlay
Sample Pitcher,Fastball,93.86452076698028,2251.503947544433,16.29815601623308,9.194075926229491,6.1518874231619165,2.031211505712615,6.1170497542718865,-0.24480945758766515,2.992508323958874,InPlay
Sample Pitcher,Fastball,91.5110742970379,2257.4295719240004,17.122003394103846,7.676366564978268,5.806343182313991,1.7447869336070152,6.324948839780347,-1.7534261258609796,2.717235553767619,BallCalled
Sample Pitcher,Fastball,91.47299311909855,2369.322895222475,17.052348207910704,11.058160533226829,6.092215264618499,2.000262125295108,6.063430020538141,1.3463283493026228,1.8692719266755273,InPlay
Sample Pitcher,Fastball,91.59616475655926,2390.264530958987,16.829092751349645,7.210691541808798,5.789896329616725,1.6433690773680396,6.135255407145637,0.44769992354980004,2.0560869304305696,StrikeCalled
Sample Pitcher,Slider,83.93573344180533,2296.6472571871245,0.6230421782684119,-4.287080893324034,6.066342585943465,1.637868337535146,6.279824696799822,-0.47675025712293356,2.2240364711093266,StrikeSwinging
Sample Pitcher,Slider,80.53552349589609,2527.1139629559316,3.251489086179176,-7.71070701710449,6.085005132512082,1.912911985724751,5.805545876833262,-0.8322356955065968,3.5144674158568865,BallCalled
Sample Pitcher,Slider,81.95313036613435,2572.9617840604697,1.4936189092111891,-2.65055587749952,5.856042319489718,1.5742888892386797,6.0429403675224895,0.7710893219820825,1.7832714896576685,StrikeCalled
Sample Pitcher,Fastball,93.54558553488802,2417.477885828153,15.110265238992877,6.885618848136446,6.1491444581091255,1.8859148442628437,6.2658306590758235,-0.8352278667382542,1.8601795012870093,StrikeSwinging
Sample Pitcher,Fastball,92.37645636958966,2383.1391277481302,16.029475142704854,9.112049796396358,5.970355383011913,1.815196979058199,6.113120029668519,-0.7636700727007893,1.5535618862871368,StrikeCalled
Sample Pitcher,Fastball,93.9140891756109,2167.333300903808,14.820570817521276,8.862337876870896,5.768409133828915,1.960777909298231,6.393466762415495,-0.5744594550200188,1.2884703904228614,BallCalled
Sample Pitcher,Fastball,92.0739657627143,2256.2331627007325,16.144085708676165,5.88408484893361,5.843876510841619,1.7910834052567666,5.784815328362616,0.08556556093074394,2.630252717719121,FoulBall
Sample Pitcher,Fastball,92.20060215860852,2196.2456800779437,14.551814983132203,6.307346545542918,6.069914345915998,1.8084073419443292,5.761999646410773,0.46559807936054876,2.5521774983049075,InPlay
Sample Pitcher,Fastball,91.13185527641541,2255.9238730276265,13.508512166489467,4.195354992577992,6.038459705281498,1.876389748938736,6.253937303324543,0.8945041750617473,3.362071389626514,FoulBall
Sample Pitcher,Fastball,93.92404828666828,2424.3968996431818,17.229109181297193,8.893080280968203,5.741293939793107,1.7006025674910332,6.273161442986555,0.7837284742100263,3.181056755795197,StrikeSwinging
Sample Pitcher,Fastball,91.42687137422958,2151.9659416095283,15.288378106951233,7.607259210296382,5.879111403171426,1.694069053876467,6.0613499986336326,0.0005802819260562346,4.197837535898856,BallCalled
Sample Pitcher,Slider,82.39847661183326,2512.963461883229,1.2681915097250909,0.47589726997402426,5.930528447416477,1.871164415976513,6.180078880009145,0.7653914803172504,2.344595424344178,FoulBall
Sample Pitcher,Slider,84.07336424162246,2547.173952582567,2.0975742100692614,-0.734600829066979,5.823859311638659,1.7956068286304043,6.249041395526281,-0.5032497104822702,2.2046028271528444,FoulBall
Sample Pitcher,Changeup,83.24117923645166,1734.3461422284904,5.046677133800959,13.554836425942389,6.253669958506208,1.738902912404358,5.9372273588296505,-1.3656495108464748,1.4248302411499805,BallCalled
Sample Pitcher,Slider,86.09773948475662,2404.5579051923614,-2.5573780068907137,-4.169096716467282,5.935049561510799,1.7875823850453498,5.95863032499014,-0.5033483037828811,2.922433625607244,StrikeSwinging
Sample Pitcher,Fastball,94.43602113465703,2319.370359137538,15.395389208490784,6.991511599778269,5.890728171364543,2.0391839261757494,6.137945235839727,-0.6046953857072156,2.488900681084754,StrikeCalled
Sample Pitcher,Fastball,92.78232055968827,2385.8116862907914,15.676654938006127,8.176754113276447,6.078627656638714,1.733547238989016,6.280817791978744,-0.47399030384938257,2.8884497287580126,StrikeCalled
Sample Pitcher,Fastball,91.08718952208642,2121.322296518946,17.607447759833608,8.875202189947721,5.8452179697741755,1.7291970580076976,5.866808614728403,-0.7195310469314169,1.5456568355712,StrikeCalled
Sample Pitcher,Fastball,92.92745960228817,2386.9502884523044,13.28433144346253,11.404418853927796,6.051114141592599,1.5438833663006257,6.060410473612996,-0.3458321831847841,2.6637031417700245,StrikeSwinging
Sample Pitcher,Fastball,92.29544035576764,2251.9114211958336,18.950302964369,7.969974454953612,5.649840140662553,1.7936470592764329,6.051152673659112,0.4650129105701835,2.5538997134654564,InPlay
Sample Pitcher,Fastball,97.33566496314185,2345.834487882438,19.666150453489553,9.673103994645418,5.831951893063166,1.8985325266860589,6.1835918210085525,1.2864428269969288,2.504276279920265,BallCalled
Sample Pitcher,Fastball,92.89917337787918,2160.891711591312,11.940493705869876,6.755040834530337,6.057360562756587,1.9254297173521302,6.098260325998233,-1.2940098556942674,1.8875505688571068,BallCalled
Sample Pitcher,Fastball,91.96712521410709,2280.446102730816,15.853745156624864,5.4875805275369665,6.135529658088451,1.8162326402445799,5.990823283239428,-0.9658009701755581,3.2919934864150484,BallCalled
Sample Pitcher,Slider,84.30193332338274,2242.0590527520367,3.7361357968916886,-7.642291169775019,5.784005643049102,1.9433750359621325,6.349713156151481,-0.5935846940461257,3.9377306842335082,BallCalled
Sample Pitcher,Slider,83.68896554401033,2505.842794577759,1.8252574590136663,-2.109838294764046,5.766526754567203,1.9096845602820363,5.9921485036758355,0.5743064080774445,1.5672419802767883,StrikeSwinging
Sample Pitcher,Slider,78.58315156668593,2556.1876323467054,0.6138388960235841,-7.20661793372836,5.985116964555569,1.9669425344538394,6.041580727395709,-0.15371058222978728,2.9403329846947184,InPlay
Sample Pitcher,Slider,83.78622673872829,2728.1192122729844,0.7295319377553402,-3.426338259706647,5.806544915762343,1.9476453983216344,5.781700472816075,-0.543081917327717,0.24161238649470818,BallCalled
Sample Pitcher,Fastball,92.33732100189634,2182.328823797207,15.831145139548013,5.068592919868122,5.859713312336691,2.0354967294160877,5.9572748246308205,0.537549755779066,2.9014574621118436,FoulBall
Sample Pitcher,Fastball,90.07337853749269,2325.4946439787445,14.633639178700065,10.604037718790266,6.031460753710574,1.7745460250150626,6.20321521526781,0.7172926997564767,0.9973840375936838,BallCalled
Sample Pitcher,Slider,83.33586248606628,2327.9636866516835,-0.09236443946117667,-3.5232898134428567,5.818384672757898,1.6009412936457739,6.164120391270972,-0.014069969567722652,2.0062744890755564,InPlay
Sample Pitcher,Fastball,94.53632525734265,2395.8453218257278,16.772176355443616,5.543571045583703,5.605186137269648,1.8995578115528131,6.219903398013152,-0.6121644199654078,1.415231503684312,FoulBall
Sample Pitcher,Fastball,93.02649743484908,2231.8473491122463,14.224418008352078,9.347257685760935,5.704837334659119,1.9170829783984165,6.2101964571891335,0.20270967542654456,2.238291378787953,StrikeCalled
Sample Pitcher,Fastball,91.32560144668247,2363.450383711991,13.530649466545029,6.907078456191072,5.901493337858042,2.035499309007171,6.51754280725903,-0.17495115633942515,3.029095273775871,FoulBall
Sample Pitcher,Changeup,84.72887123867103,1771.9439958619932,8.728819139449007,8.977037277019289,5.620486527729068,1.992193553425456,5.950428234510618,-0.18075993283909542,1.0070150522047328,StrikeSwinging
Sample Pitcher,Slider,84.08014879951456,2232.346776642171,4.479413814138248,-8.775284416981783,5.8554259374054025,2.091820868379685,5.776115251313042,-0.3843001639513772,2.1303902328632707,StrikeCalled
Sample Pitcher,Fastball,93.0056770376756,2335.1110428088605,15.793970519620716,7.188653464605804,5.691185522563401,1.89297809704898,5.889889400785695,0.6937374354915666,2.0149734233879575,StrikeCalled
Sample Pitcher,Slider,79.5986601379526,2365.225281436062,1.9097252389743102,-0.4036151800429746,6.14599085102984,1.8343215887907942,5.959269632833681,0.18741016974509542,3.5857865129039057,BallCalled
Sample Pitcher,Fastball,93.97339221791884,2256.7146252251305,16.822131556123214,8.889829071056166,6.224771389214851,1.592252531801138,5.905134612676617,0.7767756614172228,2.7238207558877137,StrikeCalled
Sample Pitcher,Fastball,93.13841705495278,2171.03037802274,18.659184884636566,9.152725606010897,5.7412704346486905,1.846214480177112,6.118732169528971,1.0022446091085944,1.517087165044933,BallCalled
Sample Pitcher,Fastball,90.63569733591953,2364.8660180498696,16.869900762593925,7.865388291906006,5.938513802005688,1.7171244964693024,6.350530981111404,0.3442355766499805,2.0465292157272,InPlay
Sample Pitcher,Fastball,90.64089448040919,2172.044205519802,13.722452278690014,8.792925082331875,5.755939440200472,1.8317265020148707,6.407931814593983,-0.37985783616386404,3.5670781787891483,FoulBall
Sample Pitcher,Slider,83.73796508147244,2448.7580068343086,3.139595897411534,-2.2528515950272725,5.853602659691823,1.8081769779464485,6.2008617003693205,0.7802446741648386,2.935773987580518,StrikeSwinging
Sample Pitcher,Fastball,90.61634046289394,2276.3888347977004,15.401552837009625,8.300853707850274,6.1705203991933715,1.8707600383275202,6.528254443090803,0.34924852670876577,1.7113249031959337,InPlay
Sample Pitcher,Slider,83.02765326860694,2608.2982591834843,1.6272458720864345,-3.5247322659166214,5.829996717841028,1.7854003935692235,6.028725388686716,1.9525258326057293,2.199697096212683,BallCalled
Sample Pitcher,Fastball,92.92581062466064,2223.603159643872,13.417073095680099,5.832057577653305,5.857094380664433,1.9402530286098878,5.773496191599515,0.23257716637101483,2.223668138693889,StrikeCalled
Sample Pitcher,Slider,84.30941610325658,2555.8380997460868,2.8368987379698445,-5.137625340165716,5.7586206099158455,1.3915268530687412,6.310635613577634,0.5232660292605629,1.9965135546331458,InPlay
Sample Pitcher,Slider,85.90256299620991,2609.0714520937454,2.6896341557795767,-5.052385491983742,6.07192840664973,1.8284990362736766,5.732281121650187,0.21781791847202375,1.1173408827587328,BallCalled
Sample Pitcher,Slider,80.76938030986516,2512.6678669674966,3.164705214734245,-3.4133582566289835,5.410509994621396,1.9803734668728843,5.948999395460039,-0.07432394390108858,1.8917837134575235,StrikeCalled
Sample Pitcher,Slider,82.76654676071495,2445.9622084819107,3.1225610528024337,-5.953776272774883,5.8335804017702575,2.080507276268432,6.204022446484559,-0.1940936621906748,3.441899479399031,StrikeCalled
Sample Pitcher,Changeup,85.32758368278562,1787.344035321557,6.4293466843783,9.180993335325603,5.893117085879681,1.9097942007577595,6.079523703990244,0.22068288349392506,2.1141416347041186,InPlay
Sample Pitcher,Fastball,93.34987480867878,2308.380781600792,16.65845896062728,10.466054473047329,5.800838400522363,2.0527324533873808,6.0618094474256985,0.39088181386039145,2.3225597771543107,StrikeCalled
Sample Pitcher,Slider,83.88411442022733,2521.342242176264,4.3335663243804765,-3.7452653907035396,6.029531826159675,1.8253403993638113,5.863841993435998,0.8657909247333188,2.5053942351401806,BallCalled
Sample Pitcher,Slider,83.03167333692562,2289.990964326029,2.3721657873805966,-1.2320748676628823,6.080304092595571,1.8004293863890595,6.097839522113333,0.23163791872782322,4.063606046034094,InPlay
Sample Pitcher,Fastball,91.00073020581767,2195.5309907421693,15.252711364848444,7.407433828204594,5.688194073068074,1.8794123464841628,6.300732497747558,-0.3471668815689217,2.406656078562721,StrikeSwinging
Sample Pitcher,Fastball,91.7847720763392,2219.281660363591,14.36914701761747,5.499390631215005,6.214022998065621,1.7995208575663404,6.103993583307203,-0.24514049744923755,3.2204590151876333,FoulBall
Sample Pitcher,Fastball,93.0739098189728,2226.9656226842403,15.565997517620524,7.790585152301331,5.686511176346973,1.6826463797973958,5.933954824071788,-0.9922027071773856,1.9513648709616025,BallCalled
Sample Pitcher,Fastball,92.97127318927828,2273.1420955152175,15.301377987391955,8.502117360339188,6.093294602251377,1.722713963380215,5.8504923078805335,1.2459103826792324,2.2054505546231313,BallCalled
Sample Pitcher,Fastball,89.56013721998482,2309.087783717284,15.512260895494368,9.01433816960389,5.922474154780354,1.6331770640885765,5.938081083408884,-0.4058802101406365,2.409414542332714,FoulBall
Sample Pitcher,Fastball,91.4000521604255,2323.5331254247662,17.42451985422454,7.702950202341648,5.824444835432928,1.8792565642297867,6.178466750482872,0.72558034510343,1.8194002936129614,StrikeCalled
Sample Pitcher,Slider,84.68816793477647,2581.9087515544925,3.2145844499728877,-7.919904166519781,5.838594960548625,1.8017087718750717,6.168720452471941,0.2074131430819002,2.2472116645477818,StrikeSwinging
Sample Pitcher,Fastball,92.61090106692579,2160.3098079803476,18.602534499660813,5.6875079831260615,5.894973081400953,1.7459570824862853,5.939898579880866,0.22779887312955518,3.066038201859952,FoulBall
Sample Pitcher,Slider,83.41347971833935,2335.930670487541,-1.291566329628489,-1.086622298167474,5.931262679279568,1.7149974364744065,5.6578481156035885,-0.08808590645425264,1.7997265791810872,StrikeCalled
Sample Pitcher,Fastball,95.7981496542374,2275.2337202703275,18.423145409767894,6.361196024341827,5.761976847294272,1.875758451929944,6.184002552734433,-0.5908491664700051,2.4000667732227288,StrikeCalled
Sample Pitcher,Slider,83.31492345203289,2383.171805494904,1.8869821052194176,-4.42567762085134,5.864909006348242,1.9170672270915106,5.920458520204949,-0.7264015503689814,2.9315501637419494,StrikeCalled
Sample Pitcher,Fastball,93.03806754303878,2216.303509846806,15.998480151195077,6.598869893873607,5.784399076560861,1.6304229005242226,6.237812495803056,1.2963490416037027,1.7816504633904415,InPlay
Sample Pitcher,Fastball,93.05933465846319,2135.7952745384105,15.26470582978297,7.726316135408199,5.71774257093892,1.6068472995336573,5.948778071574449,0.0854708091279345,3.221560344461217,InPlay
Sample Pitcher,Fastball,91.98536634737575,2276.9376597585233,15.484406992693218,8.937812389399856,5.777403244631316,1.9431764933431523,5.902419909266038,0.8439508096407381,2.454662609783492,FoulBall
Sample Pitcher,Slider,81.67570443656211,2500.681621113031,0.45831074708438635,-3.103052379853536,5.727503805095685,1.5937300142267108,6.130634381451917,1.0386802032339382,2.276158077495533,BallCalled
Sample Pitcher,Fastball,95.47034497909232,2294.4847922954445,18.249740195843216,10.38832270363858,5.8369767630874225,1.8821230250733727,6.571539846005273,-0.30813519757441066,0.893889145649839,StrikeSwinging
Sample Pitcher,Changeup,85.97517281346803,1695.355194245201,7.496243318935686,11.059740553365671,5.9648712358202625,2.042536379813102,6.249805998223314,0.31762932444588315,2.1197906684898946,StrikeCalled
Sample Pitcher,Fastball,93.65071208155214,2201.668768410831,15.392715501487228,8.691276269449505,5.9181065531266945,2.0428852205089703,6.12724385984117,0.0337580816185108,2.678694312108977,StrikeCalled
Sample Pitcher,Fastball,93.3068048684055,2438.198982001274,16.27638283360683,7.598589487971311,6.196151716499098,1.9106808885948139,6.171770307276193,-0.8679103522626666,3.709008764101851,BallCalled
Sample Pitcher,Fastball,91.09535565349364,2187.33576646037,14.826883189497456,8.988080430525637,5.568432047942013,1.9063214272983182,5.74977682770288,-0.13910998192819204,2.8259168655837095,StrikeSwinging
Sample Pitcher,Slider,82.61869293226593,2309.2670903286353,1.2971934639890366,-3.0329766075798097,5.970401144932128,2.137786117529468,5.875531925849488,0.44062994267942057,3.2446621738337615,FoulBall
Sample Pitcher,Fastball,91.31961427878355,2331.303077647562,14.280548641406996,7.803071093565179,5.900963035778653,1.4498406505659345,5.597814226990572,-0.3742719412581434,1.493171569783546,BallCalled
Sample Pitcher,Fastball,92.8966015174109,2112.9581379101887,15.343640039523805,10.594569186123854,6.022350551355795,1.7303496485879049,6.445974778915324,-0.24363239652889593,2.304883128260284,StrikeCalled
Sample Pitcher,Fastball,90.20485413234961,2394.7131598843207,16.374408446522413,7.082606287431323,6.007469780646562,1.9272737773614903,6.405477205831149,-0.13002514153923383,3.315559831746648,FoulBall
Sample Pitcher,Fastball,89.64279760909348,2336.177380279562,13.132277260372742,9.146144059027565,5.875251237479723,1.7494069488237065,6.178563705242982,1.5836469984825774,1.7341998372000575,BallCalled
Sample Pitcher,Fastball,92.94560768371436,2360.9307964629998,15.930469446128852,8.733671504364574,5.925897692728514,1.9859667462910553,6.127023020616841,-1.3755367028283296,3.1239169717298267,InPlay
Sample Pitcher,Changeup,84.00940293566975,1907.0543600719016,7.745035139330319,13.34612883754771,5.788389618062228,1.7940968909534711,5.789681999500484,0.37623247427044426,2.9499883984502495,FoulBall
Sample Pitcher,Fastball,89.71516540018382,2265.4988834289265,17.68286660361119,8.320714556955998,5.992051996903168,1.8197615790506396,6.056140007949861,-0.19000430793912365,2.606042736337365,StrikeCalled
Sample Pitcher,Fastball,93.25685330412591,2184.316616086012,15.122223885210001,8.011048906775558,5.618168592181595,1.7587988003631094,6.458478375680778,-0.4804911813768252,2.153473031148019,InPlay
Sample Pitcher,Changeup,80.92599615649317,1642.0423279662748,6.363066362434268,11.819237325927874,6.016523965797398,1.721623356178791,6.1262831996391425,-0.208406780367199,1.6602786340706737,FoulBall
Sample Pitcher,Fastball,94.44538436201209,2192.228731942263,16.68974545969724,8.53700365129119,5.896523983364584,1.7179335055278522,5.9870707067576205,0.5005321828750673,3.7315344705774853,BallCalled
Sample Pitcher,Fastball,92.13975496062805,2323.7539779068743,12.52385762468875,8.219434319162776,5.826940694325337,1.8406749445255164,5.748385867999277,0.5433926955154206,2.873896888293023,InPlay
Sample Pitcher,Slider,82.63633871517926,2490.4961210718247,5.218329937655166,-3.7801062157047456,5.865120020082991,1.68381525512657,6.376061145546161,0.1395128418260648,2.6554620935065865,StrikeSwinging
Sample Pitcher,Changeup,82.21619537894652,1715.3837931365301,7.479201372342212,13.25911765162574,5.876120564811743,1.9429807325236932,6.085983239794468,0.8195559873424703,2.0903626888483116,FoulBall
Sample Pitcher,Slider,82.38279568501942,2548.691385983637,3.945978874898415,-1.9824129215157358,6.094595564072075,1.8979838886904234,5.7486532293274335,0.9516247463254323,2.428403722192483,StrikeSwinging
Sample Pitcher,Fastball,92.01904999364402,2363.211782093567,13.409551771635302,7.448450568130509,6.385024049487277,1.964912466145476,5.915146863585691,0.6122819564629608,2.5235379524775245,InPlay
Sample Pitcher,Changeup,84.71264103409403,1806.6683906971086,2.3208379029335715,8.98668756612918,6.082980623622558,1.6306613466010502,5.8444923965283735,-0.4096443383604142,2.6999067635501794,InPlay
Sample Pitcher,Fastball,92.92086072947035,2236.9550575792623,15.849236744778702,7.034128681454329,5.815201132116537,1.5450785179820334,6.073651294857605,0.3708311619096574,2.9507552163539508,StrikeCalled
Sample Pitcher,Changeup,85.86176193823141,1757.8228814356837,5.995326785387708,9.905896012628592,5.994467273642792,1.7993721366552355,6.141467793922564,0.3744004943539271,1.8131463556086813,StrikeCalled
Sample Pitcher,Slider,81.6155363716786,2580.558047905899,2.2694760870351067,-5.829590810350593,6.000999374908623,2.234820092033928,5.999356587144295,-0.6117235752349137,1.3000522758847466,InPlay
Sample Pitcher,Changeup,84.05300336272987,1926.0902386127607,6.97455653342087,9.917182102525775,5.761225891632917,1.9899313167141857,6.255409319297376,-1.1770791705406936,2.463210638455123,BallCalled
Sample Pitcher,Fastball,94.43176526165614,2184.492702959812,17.014206077165287,7.241386843134589,5.710880105416898,1.716833053723993,6.115760448094488,-1.5170817160309167,1.0895869970064287,FoulBall
Sample Pitcher,Fastball,94.19332898342005,2200.653508577133,18.677691702948835,11.060740121486806,5.890507860662482,1.8636768201647012,6.312462477054425,0.05239161758411373,2.1572542537547714,InPlay
Sample Pitcher,Slider,81.82974116065685,2634.137194479815,2.5029730620356356,-4.356401885726046,6.021156140405216,1.9091380361165526,6.028561184383856,0.22352978615018862,2.0181076274161778,FoulBall
Sample Pitcher,Fastball,94.9067526980321,2359.802106786549,15.109157006566397,8.638883446979165,5.658228759859786,1.594741763890071,6.709065118402229,-0.8863361832393107,2.7688111441512517,BallCalled
Sample Pitcher,Fastball,91.95897593288302,2191.2909447929987,14.494206124573727,8.37259109756981,5.79186531985184,2.0054438803551906,5.987102255305208,0.7845242494135218,3.886947776614732,BallCalled
Sample Pitcher,Changeup,82.2176730076913,1612.8224442209032,8.95396503972616,8.415301687590578,5.985897756348561,1.774886380976859,5.919334001648825,0.11416361197230912,0.9415570320723292,BallCalled
Sample Pitcher,Slider,82.51833190513736,2413.9319831105668,2.4423729706823343,-4.748022397480549,5.906258541990588,1.786397873308821,5.8947398899808485,1.0120894611865145,4.1056387727388,BallCalled
Sample Pitcher,Fastball,97.07943657110043,2281.485465858028,14.832738573583201,9.823744039620632,6.1124410430898495,1.8035676989150784,6.057811854689138,0.27790190248769325,2.2251936306607303,StrikeCalled
Sample Pitcher,Fastball,90.83052530250453,2407.5249974211583,18.22034480345696,7.323564760219824,5.688294881888549,1.9716810208961844,5.756092781826843,-0.7997501789093635,2.6608565116294347,InPlay
Sample Pitcher,Fastball,91.53491664689572,2352.6738510620653,16.7876080612931,8.291026174240987,6.252824740017418,1.686722676269789,6.158912568765562,0.34371090996761167,1.3388758817822124,FoulBall
Sample Pitcher,Fastball,93.08631695948077,2351.628478921997,16.494854322390943,5.203846951771784,5.669301133464564,1.5439544992823322,5.7189392460870385,0.502583021154076,3.1476536776697404,StrikeCalled
Sample Pitcher,Fastball,93.05612767417058,2451.791132261127,15.539697531159552,8.148639512782893,5.595625442175761,1.8484432939350066,6.132334184811445,-0.41071768941525433,2.431104402263793,FoulBall
Sample Pitcher,Slider,82.27584619696414,2354.808457355284,2.3343065751696823,-3.7507919145091564,5.891163083075404,1.4934512870740306,5.829749651180729,-1.0815697479824062,2.353899441608785,BallCalled
Sample Pitcher,Slider,83.77203890280731,2528.829417312047,-0.7344257826039966,-0.5531784861234028,5.729831160763099,1.754834460729669,6.023741318523981,0.0752220482299547,0.9469611638227846,BallCalled
Sample Pitcher,Fastball,93.76688592617144,2215.008995679427,15.446180062796785,5.471942202774958,5.8941866503932685,1.9780311434788227,6.220908079826471,-0.7506334764871386,2.4553476103855703,StrikeSwinging
Sample Pitcher,Fastball,94.12744820655479,2257.0949051934044,17.0440071799723,8.607308430078612,5.888940968156801,1.8868640855263108,6.56080753677527,0.8406657472958488,3.0343712428624308,StrikeSwinging
Sample Pitcher,Slider,85.08703094352096,2472.370097716528,1.8382270926097366,-3.5710918241279317,5.870633868183885,1.9563534098587914,5.884399895843768,-0.3053825103199444,2.2227910233876083,FoulBall
Sample Pitcher,Slider,84.18294476803428,2513.1789711607157,1.3149583026012246,-5.403741007101938,5.773638345170483,1.8930527047804244,6.069936510114721,1.293450829869974,3.280649509233113,BallCalled
Sample Pitcher,Changeup,83.52852504505077,1571.6275111905445,6.243783894951691,11.054447393468854,5.964898422886954,2.161550173317511,5.955248265044891,-1.5931190006391267,3.2496713789185216,BallCalled
Sample Pitcher,Fastball,94.22105490384158,2350.538379065802,15.904021516557153,6.725538447296173,5.852399432784925,1.7117640558514777,5.92602593548784,0.10109670310886099,1.919178462944364,StrikeCalled
Sample Pitcher,Slider,83.36588396559686,2484.5361667749135,4.772088640772159,-2.2987728208617444,6.065549730613215,1.8597197515512485,5.957005334006091,1.07204448007599,3.5963353940980447,BallCalled
Sample Pitcher,Fastball,92.78608676209254,2225.9373035007598,15.31921021246872,8.881876918870432,5.8729441621207545,1.7342819293181024,6.264813295127388,-0.6677282369154726,2.4339712232438115,StrikeCalled
Sample Pitcher,Fastball,92.81655121406212,2333.0964760826614,14.186318042978566,9.723804706505815,5.7553028865700115,1.9435201904872308,6.002388827153924,-0.11940070172027664,2.437308938090873,StrikeCalled
Sample Pitcher,Changeup,85.44134776471022,1875.5577365919382,6.288201170234826,11.22391335935005,5.646843417223493,1.7907637685924256,6.54986253965417,-0.30227678577303296,2.4742359169520483,StrikeCalled
Sample Pitcher,Fastball,93.3970991879537,2210.830878918773,18.319917116145362,6.840741939290353,5.874183585282744,2.057826731916607,6.183195851178946,-0.5128257316142121,2.451986813205844,InPlay
Sample Pitcher,Fastball,92.54358879412297,2235.6278170155824,17.325677441892942,10.248457493661308,5.709619314295607,1.7203776066897036,5.897997867765184,0.18346698083571097,0.42739998250611855,BallCalled
Sample Pitcher,Fastball,91.3120650345063,2079.7173131611817,15.41828397193859,5.801741515731647,5.697505721899284,2.0110689788575478,6.026658963570984,-0.9715662007493278,2.2608702013577093,BallCalled
Sample Pitcher,Fastball,91.03197169724137,2181.8406023067646,15.549523040258391,9.119150501817355,5.979118596372048,1.8889709295815957,5.939630601992002,-0.08322658599766923,1.3770401462531592,BallCalled
Sample Pitcher,Fastball,91.44714924488679,2213.177739561878,18.073491168844697,7.259993428100043,5.633349490825491,1.795130839636953,6.260013730589343,0.38699567826343007,3.619751776661757,InPlay
Sample Pitcher,Slider,87.53313390745275,2311.4581675186337,2.4084418512432713,-2.58241279618953,6.111829006749937,1.8813663506789886,5.772244068686949,-0.16132028353998232,3.5895622437909003,BallCalled
Sample Pitcher,Fastball,92.4622618289907,2194.915558857617,15.051165945479054,8.921704800956665,5.9239574576593315,1.839189658129379,5.831809723912838,-0.7501531499893317,3.0389537493416907,FoulBall
Sample Pitcher,Fastball,92.80148131060425,2233.78932116558,18.80835201345468,9.417427287753819,5.893423605346256,1.8533932020377715,5.981690776250171,0.7726390489511263,2.2211494219958334,StrikeSwinging
Sample Pitcher,Changeup,82.75228705425631,1726.5070571751728,4.9018095881697175,13.608540380296992,5.744785108917412,1.7689693390358414,6.236589358627665,0.5476927212126376,1.643988797547226,StrikeCalled
Sample Pitcher,Fastball,91.62175070371637,2295.4002508678145,18.652637992770767,8.322289833342188,6.014655844451441,1.6947617238667514,6.346612054964554,-0.780890378477806,1.9068142490432964,FoulBall
Sample Pitcher,Changeup,87.45163408429048,1750.8931873110698,6.968882602796222,11.076705993018393,5.899564259960391,1.7497393320056205,6.376108438154568,-0.970580673766906,3.8569814298195246,BallCalled
Sample Pitcher,Fastball,92.12520484213354,2316.212881357784,16.77727732417675,8.790299878549854,5.79708550358888,1.5475282533077666,6.205960303989506,-0.7139433119953682,1.8808519601100295,InPlay
Sample Pitcher,Fastball,91.89320222130588,2281.1125018714733,19.10662389882492,8.455646113275787,5.929973704497739,1.9262922498798938,6.083422092728395,0.4089548741154114,0.6333034842104521,BallCalled
Sample Pitcher,Fastball,93.17534073226544,2141.3034303148743,16.044626116988294,8.81203375937897,5.647582181684093,1.614725404173678,6.258925162462798,0.20667967422190925,3.172624131364045,InPlay
Sample Pitcher,Slider,83.74242715479677,2447.7895996786624,0.06189504762040543,-2.9903731391918322,5.654700930267629,1.7673529417146452,5.871099876513657,0.5925620343342857,3.52537733521342,BallCalled
Sample Pitcher,Fastball,91.39325177038792,2243.3423994913364,14.24837212360237,9.264175736759546,5.731972087204839,1.897206756222155,5.731068555596754,-0.24461266353796118,3.6444117653748913,BallCalled
Sample Pitcher,Changeup,83.57031192609148,1731.1131150695524,5.778380208587238,10.140018306710688,5.952429090141457,1.9259095075649868,6.187327515537297,-0.6935506781250803,3.178761003186996,StrikeCalled
Sample Pitcher,Fastball,90.06760929931305,2286.7483096190854,14.844807876038969,7.80308978737042,5.899511251729081,1.5338022094744144,5.898864316570229,0.6891348663108743,3.3011397579260855,StrikeSwinging
Sample Pitcher,Slider,84.77826068414564,2534.051904605215,1.6237146297238068,-5.132883775993591,6.057346889833363,1.7862227887162383,6.086938653566904,-0.415086385088373,2.4397005555401563,StrikeCalled
Sample Pitcher,Fastball,94.61559119290278,2353.088659141614,14.148246580311083,8.415053026407326,5.762001522174714,1.8689617049173233,6.123925403174563,0.13991104189048392,0.8427782823812526,BallCalled
Sample Pitcher,Fastball,91.98276252704676,2191.1233998136177,18.335341900146148,10.462895263780545,5.9862001760722015,1.8078024163893491,6.149623911835659,-1.1624436293365306,2.42091078112501,BallCalled
Sample Pitcher,Fastball,92.90853787439683,2341.056258776697,17.732327966088523,7.2888728270795475,5.882919417140708,2.001611243651032,6.28755830770501,-0.42735781824209945,2.866179579314563,FoulBall
Sample Pitcher,Fastball,94.06672191879144,2337.627213089916,15.952622876180303,8.190878045445823,5.758543220788861,1.6767289650128097,6.266415037658346,0.757047240706135,2.298547457575312,InPlay
Sample Pitcher,Fastball,91.84649513673907,2207.4539274343592,14.268776596619608,9.134730072382458,5.957796150606939,1.4926438304714704,6.139000013433538,-0.5372059250023932,2.264372910945289,StrikeCalled
Sample Pitcher,Slider,82.50576881032461,2144.3463394167343,2.1471782220389533,-4.504365448949275,5.890098221263216,1.9215489025152783,6.0115969439061185,0.6108778660886246,1.6769114707362582,StrikeCalled
Sample Pitcher,Fastball,91.56039168681706,2265.566102764926,15.451102409429279,7.216834276783718,5.80563212087819,1.719437082057227,6.121552417735264,-1.7482647721411453,1.6486959425459804,BallCalled
Sample Pitcher,Fastball,91.83135678933355,2153.1041858987,14.342192738773722,8.546773488909276,5.906299863071614,1.5362189103621002,5.9807579166650155,-0.41954374473238953,3.7786113860745525,BallCalled
Sample Pitcher,Fastball,91.38092894994503,2320.968245217343,13.356822981291185,3.654507911514088,5.880570442109391,1.776223141415029,6.060714215598765,-0.12851598440859943,3.8057597774101066,BallCalled
Sample Pitcher,Fastball,92.97970607887272,2299.5265641253072,15.031052302159338,6.534787260387543,5.876946789722375,1.9845836963897552,6.623634684716082,1.3069052275068043,2.3980146515654224,BallCalled
Sample Pitcher,Fastball,94.12115667359177,2259.5090133732756,13.81804281620509,9.651286960071934,5.8381110275133805,1.6105121073280952,6.136437940176708,-0.8767971600108388,2.611142703819695,BallCalled
Sample Pitcher,Slider,82.55131860748736,2802.8977005308143,2.079663536446269,-2.877934405961182,5.7042577191659545,2.15039939309209,6.190049003407509,0.5032449715853172,1.6643564572222358,StrikeCalled
Sample Pitcher,Fastball,90.72025117612263,2215.2823069000383,17.116613100546573,8.56147734105515,5.911214812384231,1.6743177608195008,5.958903870193927,0.7926988359365953,2.88193113745459,FoulBall
Sample Pitcher,Changeup,83.60055781105366,1962.0370249042523,3.6799054111401386,13.296085338895166,5.7795928439417885,1.8130516281188624,6.304014683285973,-0.5411172354332059,3.7197368787106497,BallCalled
Sample Pitcher,Fastball,93.05243918991876,2276.0894428941965,16.533540073170567,8.322656351632196,5.7469506698533905,1.6171301373228588,6.252054484532684,-0.28014296157951735,1.25307691504148,InPlay
Sample Pitcher,Fastball,95.08176297875198,2294.9803959553406,14.914998010701652,8.833092361163471,5.863895023384609,1.8062415523044022,6.253470510931017,0.10622158035892762,2.747912474776795,InPlay
Sample Pitcher,Changeup,86.79903822832252,1683.9323056228195,8.72812773505888,13.050024719096285,6.010103981625827,1.7799378267361985,6.142978249350692,-1.111113725394397,2.8042666819837803,InPlay
Sample Pitcher,Fastball,91.95834482908825,2176.0872947016305,18.88135123312903,8.17371902438314,5.927842026153647,1.5765759146503369,6.3068380191533535,-0.3413274088960175,2.795704886166943,StrikeCalled
Sample Pitcher,Fastball,93.5726575535904,2199.514528030615,15.477270882959655,7.051444420376266,5.820328668746362,2.2238740453426367,6.354337039326946,0.957084030709812,3.632113250886352,BallCalled
Sample Pitcher,Changeup,83.66024809442808,1818.495455665501,8.191984087431496,14.339961035179627,5.814298091319822,1.725699424647196,6.156619783869859,0.3919911081483154,3.9270136591283644,BallCalled
Sample Pitcher,Changeup,82.79674363261319,1782.3474083492338,6.261598610458866,11.801240579084862,5.995371989328316,1.7258306164040957,6.077077528199935,-0.1175634671124321,2.224887241595503,StrikeSwinging
Sample Pitcher,Slider,83.51278289425271,2586.5800989188615,0.24939837967536782,-3.9405506763419558,5.540489634582914,1.9453553819030482,6.278914198022952,0.08480427137736249,2.904880254117268,InPlay
Sample Pitcher,Fastball,94.4718283819449,2291.9312738906087,15.284190056582702,7.387836857483206,6.019604748379923,2.0721382325022706,5.919174938688051,0.4356790241473287,2.4631752792945445,StrikeCalled
Sample Pitcher,Slider,82.71623646625736,2295.70402548566,1.8689069164340752,-3.808234081449872,5.61889763376045,1.9689655302006455,5.956407943876934,0.5793076109325852,1.9259135302952282,StrikeCalled
Sample Pitcher,Changeup,83.44228164017649,1822.7712912032762,4.602044116076178,9.432276458027147,5.687688813751553,1.6198229815460121,6.089339931423019,-0.4173106105343266,2.603110617660761,StrikeCalled
Sample Pitcher,Changeup,83.85907506008135,1632.8910014296594,5.5173472421716,13.017230472915896,5.822860125310516,1.8320863514241994,5.75172858631237,1.1510407074597522,2.903624646375186,BallCalled
Sample Pitcher,Fastball,91.92552297596774,2274.135454367338,17.006518640816502,8.492876512285463,6.225518621439627,1.5177941276422509,6.265519054712684,0.9872611509034958,2.562696514062739,InPlay
Sample Pitcher,Fastball,94.86924121856494,2430.3252378708976,15.321339490730924,7.049551872582281,6.151612904002141,1.9352557621983535,5.907417222506835,0.5079432227649097,1.7391140928854119,StrikeSwinging
Sample Pitcher,Fastball,91.50021647091992,2434.2883211985886,17.637859653642778,8.638495718955147,6.00597316336957,1.5547217792204306,6.005701795699649,-0.6322198993844184,2.0523295201082417,InPlay
Sample Pitcher,Fastball,91.54790318436022,2368.8590784624257,14.861522704010351,6.372082910507098,5.953481356744318,1.6795198014586146,6.057344080864046,-0.7651679300779448,2.0580694348690067,StrikeCalled
Sample Pitcher,Slider,82.20920599768705,2463.314173362993,0.12570158697373257,-5.338365966077212,5.6206584547981295,1.7995197743953035,6.10785736431411,-0.24495284744744492,1.7681670338019717,FoulBall
Sample Pitcher,Fastball,93.07938634013713,2189.540425003916,15.414692058750203,10.068330049409315,5.923513724432105,1.8667509841711518,6.031269344715391,0.04557382323330811,2.6351546862042516,StrikeCalled
Sample Pitcher,Fastball,91.88140190478998,2344.6759462851946,16.52433692294809,10.446568315861928,5.817616772216005,1.7608598064907022,6.08652579055393,-1.3263688991692892,2.713584072219808,FoulBall
Sample Pitcher,Fastball,90.29659749724976,2265.7780894127845,15.307010496468608,9.062786081164724,5.777499599956592,2.027862551509932,6.0880744735219166,0.3710198501589421,3.134638200665397,StrikeSwinging
Sample Pitcher,Fastball,91.28802254676553,2330.447544774556,16.074963962059893,5.926967675568317,5.923220463496199,1.9084859373288419,6.0105938084745745,0.9655966978863539,1.7567832388795264,BallCalled
Sample Pitcher,Fastball,94.29386739905033,2223.0440890633095,14.38795944746235,8.295995196419032,5.829333498582995,1.8967087131096314,5.945361108472246,0.43235560487315805,1.966890985328405,StrikeCalled
Sample Pitcher,Fastball,92.60468750478972,2264.4360198444065,16.371335477033192,11.20952261608657,6.030394931895328,1.6155898647023006,6.31629478487112,-0.5070396021031763,3.5659270889484285,BallCalled
Sample Pitcher,Fastball,93.13152219718535,2294.773262406878,16.06628175243938,6.697082614336574,5.609606784858101,2.0549051846318105,5.679118859546659,-0.5958025480503679,2.2766281019453096,InPlay
Sample Pitcher,Changeup,84.70291522489472,1866.800338532659,5.005527016396893,13.026310507395317,5.911251713351898,1.6795402283582233,6.0588569681981035,0.22488925813055902,2.4225982719387256,StrikeCalled
Sample Pitcher,Fastball,91.57670322535742,2324.4350443014223,15.917458050414556,10.120286527701467,5.7681354164728935,2.060631364948064,6.006220105623156,-0.11497778650363483,2.2686722089532627,StrikeCalled
Sample Pitcher,Fastball,94.84859722982557,2227.872451392759,16.201006714251864,8.925700883110379,5.838554625662646,2.1033292585388357,6.183758297345297,0.33228088069193107,3.2497731140412327,FoulBall
Sample Pitcher,Fastball,92.23653140012848,2159.1043993100816,15.075464420102332,11.720234486727657,5.945693962921887,1.8768984798545663,5.809141440696198,0.45129102945422606,3.2788565105362717,StrikeCalled
Sample Pitcher,Fastball,91.87928216866202,2426.2306535909815,15.806862136405496,6.900695925157118,5.73240382060849,1.9548019646519132,6.0000429317512785,0.8189178966709966,3.2349060754416357,FoulBall
Sample Pitcher,Fastball,94.03459931289747,2504.032875212102,14.49167208865762,6.515366321388767,5.92463482089687,1.3375620355414697,6.079528053202049,-0.8490925716971414,2.4199257085181607,BallCalled
Sample Pitcher,Fastball,91.48869549758567,2320.267864008214,19.51859955844151,9.836188153752762,5.868149269218611,1.7707496376764433,6.314014722074091,0.166214210886984,1.7456730168832486,FoulBall
Sample Pitcher,Fastball,91.6673817187164,2160.84071147429,17.588677990312277,6.206182057592696,5.800911970223467,1.965324845987931,6.166436993359085,-0.2726062529709926,3.8439098083194407,BallCalled
Sample Pitcher,Fastball,92.51434535762365,2210.412439484141,16.409641158447325,7.7048480167736955,5.829414127098363,1.9386765402471127,5.863302357826227,-0.07397628295152106,3.0422317327166377,InPlay
Sample Pitcher,Slider,85.30717170071667,2512.5142439862466,2.93335359616153,-3.900399930956125,5.876817216321961,1.6170414992850184,6.0025046562558675,0.648306639501558,2.0575057639557075,FoulBall
Sample Pitcher,Fastball,92.8634558870645,2400.7004050513156,13.031121284974333,9.553984210078884,5.784824523115518,1.755941694019819,6.277210270532138,0.7298444047884326,3.467864135208308,StrikeSwinging
Sample Pitcher,Fastball,95.42833672515368,2170.839842891233,12.16348039324899,8.92140195203787,5.901064171298842,1.4195451742198282,5.859845026815386,1.0488327377877407,1.9982933135556786,BallCalled
Sample Pitcher,Slider,84.01976265361768,2469.9055953163247,3.812916241624727,-4.0746467580994725,5.858273506750089,1.861948926025913,6.084271146325525,0.3191926877762008,3.458027552391492,InPlay
Sample Pitcher,Fastball,89.17072445214887,2297.633885799957,13.932153784596837,7.3963536831475,5.808307619439956,1.5175007398159766,6.098175909494745,-0.08251259306684575,3.5087134420383683,StrikeSwinging
Sample Pitcher,Fastball,92.95681852080419,2357.8120606157286,15.645091713327506,9.822506028622914,6.138476335085448,1.969571676418136,6.022843388015847,-0.18965885208778777,1.708887921239208,InPlay
Sample Pitcher,Fastball,92.55303199228544,2249.0759015039657,16.308484960892347,14.038736064090896,5.962285988384243,1.9774087291076115,6.6391503565597825,-1.3010662517960014,2.8363187272657204,BallCalled
Sample Pitcher,Fastball,92.56083003409204,2139.2566777810266,17.380621747510915,9.036923148384373,5.842593165106557,1.7288449778390254,6.01745370811049,1.0048012836739528,2.9866430279709966,BallCalled
Sample Pitcher,Fastball,92.84432623315463,2335.907780350761,14.29260402358718,8.149508311320254,5.921879064623707,1.8781913895681133,6.189953031873559,-0.24142381033925253,4.361181899689749,BallCalled
Sample Pitcher,Changeup,85.12451327089732,1590.2572378833438,7.047941524857219,14.9047515268302,5.745976979483975,1.7674351913909239,5.946739775956143,0.37942279500218284,1.8432741617746071,FoulBall
Sample Pitcher,Changeup,82.51143115475554,1648.5840307859787,4.691419666532823,13.897704988367128,5.834484258983212,1.83628625925223,6.20554959839988,0.5092473943068245,3.4744074577453716,StrikeCalled
Sample Pitcher,Changeup,82.89962752905156,1886.0339739046453,6.631103920549057,9.046486554154994,5.851988382434263,1.6279110865135276,6.2741575193703865,-0.9339866317876044,2.4130095135251657,BallCalled
Sample Pitcher,Fastball,91.7410868839277,2237.2957893515636,15.2203420738696,7.198099639599301,5.712980913513518,1.8933738934859865,5.98240719265078,-0.6925097943447259,1.468976862314573,BallCalled
Sample Pitcher,Fastball,91.17323913010516,2203.8804484746697,18.07470270979318,7.975883248209728,5.958103107199163,1.5538222154663377,6.089059636956293,1.1602649302916204,2.3100096226242846,FoulBall
Sample Pitcher,Fastball,96.73329403367134,2372.3783112492497,15.84473702735541,10.667024115210932,5.824158094608077,1.5255104756505928,5.920944046021825,0.21782663676265812,2.40184857082478,FoulBall
Sample Pitcher,Fastball,91.49779957870628,2314.8746263033013,18.661273335255654,9.870750376053852,5.84667999988289,1.7817107524999514,5.871119237590022,-0.435439248223887,1.6058323551635332,InPlay
Sample Pitcher,Fastball,92.6402000774441,2324.1331739461693,14.814417019476664,7.761750925297618,5.814692021131497,1.7683135080583081,6.307359086500041,-0.09476025834565782,2.634130214138647,StrikeSwinging
Sample Pitcher,Fastball,90.40607564877449,2415.190363319515,17.11424100993333,6.187580083001209,6.343863588596466,1.8408452595827627,5.98919981082327,0.8146776786246291,3.1183569416239365,FoulBall
Sample Pitcher,Fastball,92.66305578107199,2185.0641899113284,15.910497279159207,10.00605146435362,5.800607727473898,1.7025738764645506,5.617277534298386,0.7007358598007281,2.5786504905465093,StrikeSwinging
Sample Pitcher,Fastball,91.19348422903494,2230.317635865652,15.508386374999855,7.9264185898079536,5.589698456917127,2.0828537498678386,6.453071231298725,-1.0995613216797324,1.9936169329650926,BallCalled
Sample Pitcher,Fastball,91.88053788000998,2294.2140013951225,16.94847301070132,5.410249361596467,5.660010204356175,1.8240907484069164,5.939580935387478,1.2257128827539194,2.2886459486947754,BallCalled
Sample Pitcher,Slider,84.70513930372458,2339.6172649545506,0.9201216428145202,-4.106370303434156,6.013895393404316,1.834932266777434,6.050725391250394,0.7246110232490097,2.3965924824049116,StrikeCalled
Sample Pitcher,Fastball,93.1608133957293,2350.4822881745204,12.007051994264007,9.538530026350198,6.10046790375247,1.8295850816110568,6.428181301098863,-0.11435643700618967,2.5629912206107863,InPlay
Sample Pitcher,Changeup,85.72774944431919,1874.213861862758,7.461786799337497,11.249020795411655,5.797730421294072,1.9504364803422116,6.071651581162472,-0.8937918323150402,3.232373071680023,BallCalled
Sample Pitcher,Fastball,90.02031322625139,2190.672047325253,17.908633240426074,6.763168036800645,6.09184245044532,1.8864026121726698,6.067332679559627,0.790506480045694,2.603954815039567,InPlay
Sample Pitcher,Fastball,95.07165323776061,2285.9194507668894,17.845387686819542,7.834318983038429,6.011238499976382,1.8663026849562419,5.854365391089893,0.3573206252209647,1.3479775285277171,BallCalled
Sample Pitcher,Fastball,90.83136616468137,2295.330489372611,18.83101141938392,9.101766366962927,5.871577980352087,1.9103976157298386,5.773033260074486,-1.093348783558324,1.9782591960084814,FoulBall
Sample Pitcher,Fastball,94.6399851400114,2364.1213856606696,15.973707627576735,7.226380123063743,5.86093305743442,1.5263078044429212,6.066722747080774,-0.17405855651878277,2.5245157881724776,StrikeCalled
Sample Pitcher,Fastball,93.93016141237408,2315.382681283268,14.061047797003162,6.751787147039096,5.927130533962348,1.5319728524121334,6.172561954814979,2.3446297070943665,3.243093363715585,BallCalled
Sample Pitcher,Fastball,93.30826583849856,2321.5031752223854,15.370624236023497,9.090753874520423,6.031618373323046,1.7885911882047836,6.161105081642154,0.012376318060816145,3.3733848311524137,StrikeCalled
Sample Pitcher,Slider,82.52583854696742,2342.268419539178,0.8202261186044004,-5.151987804467547,5.959594184839253,1.7703489175977147,6.003747783906157,-0.5564779457517427,3.731014006190591,BallCalled
Sample Pitcher,Fastball,92.71222578274734,2263.059973083726,14.489442663572337,8.813081975823046,5.798478754730196,1.8869714766072312,6.104051559869388,-0.7563724689799805,2.4979607981844785,StrikeSwinging
Sample Pitcher,Fastball,91.8407100250972,2215.5402796399862,18.4728620844608,6.332726517538115,5.8738689429460536,1.8030025353275259,5.732558000934406,1.3290742375720648,2.9724818816268703,BallCalled
Sample Pitcher,Changeup,81.04064606671133,1828.36050942973,6.111551947609478,11.67582125823736,6.197189518208289,1.8872797401681316,6.192033404139095,0.635819617183266,1.3091538491977728,BallCalled
Sample Pitcher,Fastball,92.15017883728022,2250.018771070472,16.717421051095265,9.132903736355596,5.9376820695944295,1.6131607095658071,6.132281168954009,1.0555793354379206,2.722411179871112,BallCalled
Sample Pitcher,Fastball,89.64594529079862,2432.0840358396913,15.983704379952707,8.37877986547582,6.0303988140323925,1.7983883144386958,6.494732178836571,0.1861389630691184,1.5935519239043536,StrikeCalled
Sample Pitcher,Fastball,94.07049781137842,2400.7964065295896,14.057549532288352,9.383683599854312,5.980982748087385,1.5988414893063325,6.101495929285809,0.9405144264995899,2.3530956031839376,InPlay
Sample Pitcher,Fastball,92.38644998083089,2336.9555219116446,18.319650844234076,7.201110498617838,5.941003661599655,1.8580286901557101,5.911466129570784,-0.636240292160933,4.672378791654106,BallCalled
Sample Pitcher,Fastball,91.82127944069687,2314.062024536369,16.11446021627357,6.807342046280382,5.9163048350022605,1.518257243645502,6.089855373182236,0.12194323568629369,2.627665677142822,StrikeCalled
Sample Pitcher,Fastball,91.71554187403832,2272.083685411694,15.566253402384081,10.041078331311367,6.0346085937987475,1.852246514781132,6.0344400399968325,0.21529013622955212,1.7521400856147533,FoulBall
Sample Pitcher,Slider,84.08881605839123,2504.849945397703,3.087979228645238,-5.5417323441907556,6.007796335296603,1.5796500928654331,6.186941573754079,1.0368351989064157,2.705841754468429,InPlay
Sample Pitcher,Fastball,91.24874112638774,2260.5444999010233,15.121432706516222,9.877191063770937,5.939584021701733,1.7424708310167307,6.105378412345037,0.2391322801053415,2.012193610057984,InPlay
Sample Pitcher,Fastball,89.34275421813633,2289.126003006473,16.220312759682727,9.980757061223574,5.795935621167817,1.9342391537173873,5.8480106597894705,-0.4691338063021611,1.6794419151318365,StrikeCalled
Sample Pitcher,Fastball,93.06998172449158,2300.6510827000197,13.83629972373151,9.290134271399113,5.957833820832271,1.8341069982897626,5.772851342361196,0.048055379190280516,3.9773546500428756,BallCalled
Sample Pitcher,Changeup,82.2238248796788,1896.31735002085,5.371229302025464,9.966681487667403,5.889948809529788,1.553150966441355,6.152581640526603,-1.2573099018451805,3.2001090197000646,InPlay
Sample Pitcher,Slider,83.8200084931492,2488.134882361808,5.551396064731428,-3.5862853654484153,5.853761613298239,1.6991409232958965,6.3766229082138475,-1.7407265499527005,2.6591524687468087,BallCalled
Sample Pitcher,Changeup,84.86937829349644,1781.5581254197364,8.85654351329327,9.604681613650621,6.30181639624491,1.5747932211784796,6.1158695768103435,0.6235060275812153,2.106132532314344,FoulBall
Sample Pitcher,Slider,82.95519024794906,2608.3937453010726,1.6135739584836144,-4.610981775319795,5.6691423038438264,1.5457862250592211,6.262659470784041,-0.28105791472975805,2.1669078877708503,StrikeCalled
Sample Pitcher,Slider,84.54631651347671,2492.8787392592376,2.777250548288901,-2.1148897169795426,6.043776928858623,1.817649476420096,6.30256183084072,-0.1960629742352008,3.556861400133113,BallCalled
Sample Pitcher,Fastball,91.06187716463728,2349.3883430273836,14.181523857562064,8.967101437263569,5.770599358361926,1.8840447515340155,6.1533583691589335,0.6232100095249611,2.629933153248426,StrikeCalled
Sample Pitcher,Changeup,85.59284312125438,1683.5661820427003,4.9171684325309535,14.962300704512778,5.9196793234015095,1.8660908881073535,5.937101702427718,1.0477577887834493,0.0878961427883902,BallCalled
Sample Pitcher,Fastball,93.68151469924818,2270.350994794299,14.686240068965363,6.425637760197565,6.285288127863528,1.8903940222319626,6.139061617009112,0.40086596612068726,4.215703886744127,InPlay
Sample Pitcher,Fastball,91.99234466938832,2270.755744799259,15.270366440201157,9.014182902950111,5.755644650776391,1.7982133723671272,6.341414577520096,1.4460546226633588,2.5372967677292135,BallCalled
Sample Pitcher,Slider,83.38568735512384,2361.203181399464,2.097876785416223,-4.259097275568656,5.791419101775911,1.7589914671875049,6.205978109919982,0.3770168505429581,2.6575267543011125,StrikeSwinging
Sample Pitcher,Fastball,95.23656952157575,2322.5414783014753,16.181836275534035,10.264829381865656,5.89737293942726,1.639039600940653,6.249649068565731,0.22666009768499606,3.2150211100760973,InPlay
Sample Pitcher,Fastball,92.9934474960642,2508.149347148985,13.44085458967336,8.853704662801283,5.772917456355296,1.733988049237425,6.007490751661634,0.18029161687844936,2.74905212048369,InPlay
Sample Pitcher,Fastball,92.97459231466476,2297.0780905046386,15.653791201767975,9.587871580601567,6.032608452641045,1.6017977422010745,6.059529248050903,-0.9641216716002123,2.9601814632876073,FoulBall
Sample Pitcher,Fastball,91.98241895670772,2339.6338335382725,17.19284532796557,8.715616386395316,5.819820584590506,1.6732251709309622,6.076254537819926,0.7169989542300917,2.082207399476306,StrikeCalled
Sample Pitcher,Slider,84.00106497173176,2302.0780779051947,1.762824822350339,-3.5752669440241087,5.9981014460224005,1.8133390305657062,6.0897323994926404,-1.8340995150114645,1.47765350702521,InPlay
Sample Pitcher,Fastball,89.43903098397598,2236.359000649905,15.662902368680017,6.069324265148337,5.70062163022999,1.7823290868688617,6.333591663202472,-0.43968964295683366,2.6101745861048973,StrikeSwinging
Sample Pitcher,Slider,81.00925447658227,2443.427920314351,1.1223013201067666,-5.790961820957398,5.628975274676867,2.2597092056842163,5.6305652543323665,0.017197762925709355,3.4737109892059426,StrikeCalled
Sample Pitcher,Fastball,93.12763358805893,2316.2083852220953,15.811059351179502,7.941525847658705,5.865652253157043,1.598130660374249,6.106107660916368,-0.5923217425600222,1.9141480812126617,StrikeSwinging
Sample Pitcher,Slider,83.51905762599782,2391.3002325924717,-1.6295234973503936,-3.937186424840313,5.664723824294361,1.7812351918752327,6.084100724861028,-0.33881694230461606,1.8539820038851675,StrikeSwinging
Sample Pitcher,Fastball,92.30788261742924,2340.6620882084576,15.945480814499643,8.665829945475089,6.127740336914818,1.5864401833194415,5.82569977171117,1.3795316746704214,3.315764445284953,BallCalled
Sample Pitcher,Changeup,81.72894057403457,1895.727086327856,5.048296718496356,10.025282930036596,5.670529476425751,1.7418321186045074,6.2343534433174925,0.8280179143362589,2.0570660961441813,StrikeSwinging
Sample Pitcher,Fastball,90.3234058976882,2100.3683172492188,14.423236079099365,8.588385615606722,5.744346996849396,1.7479360226827223,5.9550999616110145,-0.5143707606050543,2.0920800646241986,StrikeSwinging
Sample Pitcher,Fastball,91.67416613582468,2416.744890808096,15.438277165771273,7.734584178167993,5.962042982821192,1.9267320039349707,6.028593470129367,-0.35217488322928236,2.1201417952903183,StrikeCalled
Sample Pitcher,Fastball,90.90917599195046,2030.5239932436664,13.927553014097384,6.896404880232312,5.812045407490699,1.7325500191173118,6.469756381550808,-0.9577529614138829,2.3512642642571406,FoulBall
Sample Pitcher,Fastball,94.98011299548145,2364.4199050548073,17.41207292573552,9.64577911123435,5.67224180451986,1.7713020599915763,6.301994729907811,0.5287453395046028,1.2197714280734708,StrikeSwinging
Sample Pitcher,Fastball,93.72591774459462,2279.2216236588984,15.861462689743181,8.524599224920753,6.205994624010795,1.735452305629167,6.214897387829023,-0.18730683780785684,1.99549491559378,StrikeSwinging
Sample Pitcher,Slider,82.0908513268617,2520.8965497550416,1.9684421592540782,-3.1619587922840386,5.749754929526064,1.5898422383914186,6.1761553869288806,-1.4748498531709109,2.5727760143547913,BallCalled
Sample Pitcher,Changeup,82.6693523502846,1745.228298182957,8.941184937535624,9.044762999608043,5.870561328875518,1.702184644231034,6.067063995510931,0.07558769385754363,2.567428452131122,FoulBall
Sample Pitcher,Slider,84.85387754084458,2334.287939582219,1.660365927809853,-3.9365416029289193,5.868621121984096,1.7427094927374274,6.49987545307402,0.32923416270136924,3.2684947894346905,StrikeCalled
Sample Pitcher,Fastball,91.8385837030986,2312.7498303439415,14.44975670280939,8.053055921521164,6.006546372794987,1.8110738825109578,6.260433526288048,0.7223557298812897,3.7795441666461036,InPlay
Sample Pitcher,Fastball,90.64586490869236,2332.634487335365,13.809799705222328,7.702430086102106,5.969352869100659,1.8838420930837239,5.950090017206949,-0.055016095932581194,3.534362584998302,BallCalled
Sample Pitcher,Slider,83.54042052975743,2392.7195029461886,-3.1198331326049944,-7.611815138357642,5.775979844340349,1.7648105235433458,5.819979544356469,-0.2795033720897862,3.0859892880554507,InPlay
Sample Pitcher,Slider,84.36828215449653,2354.2414829997642,-0.2560064168870513,-3.4031807967380887,5.851125917383504,1.762173560402798,6.213367600397854,1.489698510367146,2.2884490569245943,BallCalled
Sample Pitcher,Fastball,93.16474285200833,2342.267762010336,14.900322503076106,6.265768820686832,5.865961634968728,1.541878026226942,6.088826174024311,0.004939617074663878,1.9326981975323398,StrikeCalled
Sample Pitcher,Changeup,84.66650559819236,1922.3893828123862,7.791473299146347,9.937312376987826,6.012343924729785,1.8809601775884528,5.814212366610766,0.5396713736984511,2.4134088243813014,InPlay
Sample Pitcher,Fastball,93.5111838060492,2381.6622768804714,14.745547870066117,11.280062241397811,5.72475171277121,1.695615316927494,6.1857172331423165,-0.404654732532194,2.8391840773296733,StrikeCalled
Sample Pitcher,Slider,81.37456767125903,2488.9125526209746,4.775442539341848,-1.5434176861337492,6.202716583513368,1.9120684857344663,6.046194567937696,0.5174322387268746,3.0164533486842506,StrikeSwinging
Sample Pitcher,Changeup,84.08317220195626,1743.1652211638036,8.537637373573284,12.871093896597593,5.786122491881084,1.9974659921781295,6.206132985105493,-1.0917217443030736,2.8673143001368877,BallCalled
Sample Pitcher,Slider,82.53258602153208,2529.1202760612355,1.09426262924173,-5.430281856965761,5.898687590486511,1.7718127459960493,6.188348042916181,-0.3465506592889752,2.3091183964679605,StrikeSwinging
Sample Pitcher,Fastball,90.21940340891558,2136.632209384787,16.079276964803423,5.956906735123317,5.726001584046014,1.6465033078851161,5.9783471956912315,-0.9062056795695405,2.990146679881696,BallCalled
Sample Pitcher,Slider,83.3947146862845,2344.0334722483503,4.293489210899393,-8.487416663763359,5.705276148253908,1.7974952080370554,6.226568952884841,-0.45372999140210063,3.3456543788126267,StrikeCalled
Sample Pitcher,Fastball,92.75534490061342,2315.407422466247,16.945637931970246,6.969498899129137,5.768835738638357,1.8523052997027958,6.00041898347302,0.9378525301733032,3.0601202880506557,BallCalled
Sample Pitcher,Slider,82.88130617201875,2303.463966873919,6.988045632763813,-5.647783089402502,5.754421517350362,1.7526719998129918,6.013423625363806,-0.45924441697777335,2.3759902086274507,FoulBall
Sample Pitcher,Fastball,90.99441234073366,2349.9415613347974,17.02757344547577,7.510529816793134,5.837861446376776,1.7153942385931014,5.993545718675724,0.5386920941055632,1.774613480620495,StrikeCalled
Sample Pitcher,Slider,83.43638042971492,2481.9055100830133,5.94579170956096,-4.40565592732,5.75315524568544,1.8845298316046122,6.326194885561254,1.1379488865427803,1.7568244279589194,BallCalled
Sample Pitcher,Changeup,82.93566321192694,1761.8009753129124,7.560572872840116,14.668121638851227,6.004332863194132,1.8746367412041294,6.043885522389128,-0.020682985202489172,1.889086782305864,FoulBall
Sample Pitcher,Fastball,92.85041674173077,2264.4730212614413,14.73627693614691,6.143305670806356,5.782552415702244,1.7480565539509263,6.37448863611285,0.7453253287922099,2.5928063990061974,InPlay
Sample Pitcher,Fastball,92.59237662268555,2104.5178941912272,15.644653661330059,6.976634305800425,5.765927675982213,1.5518900752108966,6.456696974037372,0.3983144686040065,2.789852815166725,InPlay
Sample Pitcher,Slider,83.2643386983447,2351.630079543109,-0.045899856361424796,-2.9197380660835526,5.84105467038241,1.868456727806918,5.952256172629109,0.0873276979376496,1.3391007615419774,InPlay
Sample Pitcher,Fastball,91.08030312996061,2280.664647671729,15.500864952505188,7.706772209865097,6.0489258318044445,1.6849009209837935,5.515800937060613,0.562736691987697,2.022003668727337,StrikeCalled
Sample Pitcher,Fastball,90.72676522237683,2295.187283570537,14.043651601610136,10.754635561120134,5.93223142604156,1.8321511613055463,6.308901908654255,1.37995356749389,2.5824640989790453,BallCalled
Sample Pitcher,Fastball,92.43212253934108,2314.0989220818155,18.105934080325017,8.348369889085786,5.88504657051688,1.8226735847518556,6.031605620527971,-0.47795168438141444,1.725240067426798,StrikeCalled
Sample Pitcher,Fastball,91.84817850857596,2301.9817568907515,13.866087102285071,5.579615282060863,5.685043284504698,1.5166578859436002,5.9267627173736015,-0.7194006751320561,2.7254281147947035,StrikeCalled
Sample Pitcher,Slider,85.85155802321367,2489.8337473536967,1.6067432595019568,-5.112051781445259,5.728593731020444,1.812162252661736,5.982256378769406,-0.7634359092415075,2.1694287818125755,StrikeCalled
Sample Pitcher,Fastball,94.66592528058425,2305.7575448298885,17.568745887641047,8.818495584115968,5.708238508994057,1.8771798788061684,6.017037235726794,0.745820977302416,1.8574347962480573,StrikeCalled
Sample Pitcher,Fastball,92.38474405053017,2370.1828793979225,15.954722714281221,7.812307957632893,6.096027683550853,1.895572862296573,6.359438618138747,0.8470257173462648,2.439904074336673,BallCalled
Sample Pitcher,Fastball,94.2780601074977,2271.405173402132,14.530908749645846,6.179904988386198,5.9795844684697474,1.817604862664447,6.131982247863503,-0.4027777000004513,2.6942102471843254,FoulBall
Sample Pitcher,Fastball,91.75344694424423,2308.583540174851,13.976986515439064,10.637082042970194,5.770756923661371,1.5034220934075615,6.356719726021627,-1.6020101620795102,1.763603314297554,FoulBall
Sample Pitcher,Fastball,92.84268679731812,2263.2446043602295,15.655001205958326,6.395174129628114,5.815344253426152,1.9915621593279957,6.198844023855699,-0.5060675549423143,2.2180407151394643,StrikeCalled
Sample Pitcher,Slider,85.55415220292689,2649.3237280186663,3.064802612475715,-4.690729222409473,5.7762064735644,1.8616534001313871,6.038153855209902,0.4108906333552471,2.7507587829803306,StrikeCalled
Sample Pitcher,Fastball,90.12332876667463,2327.0591700225846,16.307846637554466,8.300075793595903,5.767120817542894,1.6195021005944286,6.021928559358148,-0.05004235423712477,1.8284323625124244,InPlay
Sample Pitcher,Fastball,94.49967362876947,2230.0296650246814,13.89782327841373,8.901215823544655,5.969045154682427,1.6818355439762591,6.21232175014992,0.13526081006652524,1.1566823696820736,BallCalled
Sample Pitcher,Changeup,86.42475586073006,1681.3071500138283,6.0271747431482385,16.333186298654628,5.856869566882353,1.8346836313941781,6.264085125866542,-0.39250831370669836,1.247569615732684,BallCalled
Sample Pitcher,Fastball,93.54498550748615,2282.5429834359043,16.1733242847467,8.842458308211553,6.21217516164462,1.9019676289947385,6.299358537140174,0.7605668435323234,2.0864618519572726,FoulBall
Sample Pitcher,Slider,82.20143991809263,2392.9270155390705,2.1142552269071215,-4.741497479879838,6.08755397367755,1.7268055715478448,6.047692297724851,0.25739385131597725,1.411186292771146,BallCalled
Sample Pitcher,Fastball,92.26921786578833,2250.4671451068007,18.161615167360026,9.658988412691942,6.096422051070009,1.9238288111068613,6.1350411712808945,0.4398476042728515,2.1392085786178154,StrikeCalled
Sample Pitcher,Fastball,91.2864066961073,2234.2691106825882,15.343306752442201,7.053350824933821,6.000703546242219,1.5310849756349734,6.216808081851065,0.11929926227001114,3.648707138379509,InPlay
Sample Pitcher,Fastball,94.23039787586875,2131.877894511989,14.911274957900163,8.245337017092902,5.836601139423922,1.643631148335932,6.023206994812627,0.3932761227081328,1.3660512092334887,InPlay
Sample Pitcher,Slider,81.87121804197172,2357.290650056063,1.2779631305474164,-11.058419906047476,5.989668632679438,1.4903453985236876,5.873011993239446,0.3439287661357211,2.1880463613917245,FoulBall
Sample Pitcher,Slider,85.42067263985632,2559.83146950853,-0.6855078985650209,-3.8856803279963454,5.847675095820701,1.6653892285695462,5.938745786659575,-0.6960559711018364,3.9992284157035383,BallCalled
Sample Pitcher,Fastball,94.40145780594698,2356.4703227203645,15.863552657813008,8.07708000565428,6.144541407609255,2.026211577681614,6.051792911490402,0.27979732153134607,2.706097562231782,FoulBall
Sample Pitcher,Fastball,94.11887781565864,2232.1688787923886,14.75395339509734,8.552130062871308,5.960641907457489,2.1086703351878104,6.23244142784406,0.5936311289598899,2.1242075343933005,StrikeCalled
Sample Pitcher,Fastball,93.5714795505908,2450.5845262929,12.96537212045041,5.446414065963454,5.939354053790453,1.8351885702345665,6.35179549911442,0.8663560996461328,2.282338024110571,BallCalled
Sample Pitcher,Slider,81.04226406552844,2388.407062620229,1.074842305425831,-4.375416122783595,5.9190608993644265,1.704235618909717,5.8287905582530755,0.3120803612127846,2.722021881294958,StrikeCalled
Sample Pitcher,Slider,81.67735027914514,2641.6545230815855,4.470957194928293,-2.367541836652089,6.161039964104129,1.7667540148723586,5.980530997214003,-0.7239378890486521,3.67182894797058,FoulBall
Sample Pitcher,Slider,83.43086427696637,2483.815184314343,1.9181676764532154,-6.203137560889613,5.684937449924482,1.8710009836249535,6.028427500587349,-0.6084879971805022,2.001859794392068,FoulBall
Sample Pitcher,Changeup,83.82153963603606,1859.9351742287656,10.870394585960913,11.664541191547714,6.175743174150309,1.5655528722541376,6.258943406461328,-0.3263610609396982,1.831792287833788,InPlay
Sample Pitcher,Fastball,92.73891271845007,2417.9365103153814,18.933229815945683,6.314566595675021,5.87207692888188,1.7141251236028192,5.9943778929223,0.14209793110239363,1.3658934504148292,FoulBall
Sample Pitcher,Slider,84.50897977997333,2719.0576472581834,2.9257336445098105,-6.369394936260109,5.689077653627653,2.0152339611675374,6.014053533010506,-0.09167707598069487,2.477322024382353,InPlay
Sample Pitcher,Fastball,92.23575810178428,2334.067064659628,18.07378096361234,6.6256474983819125,5.787168540253542,1.6431434896007457,5.817601484569955,-0.8427990492231854,1.3457344726365652,StrikeSwinging
Sample Pitcher,Fastball,90.40824272999372,2199.35200730018,17.15016143839468,9.903417712149688,5.652378910591463,1.6876462651107687,6.196681463194651,-0.8472900257362885,2.052163031383654,StrikeSwinging
Sample Pitcher,Changeup,85.48324745364319,1720.953682585955,6.180201407194629,9.666285004849808,5.998048511837847,1.801979048397216,6.067720185080689,-1.5738913311800127,1.7184874191672357,BallCalled
Sample Pitcher,Fastball,90.18247849441794,2248.345275463051,18.7762804514369,7.772485065360069,5.744256057448022,1.8424713389257064,5.96919099300408,-2.339606192901008,3.2055926326755793,BallCalled
Sample Pitcher,Slider,86.7594046351357,2466.0459176110858,-0.7604852866223264,-5.497465427631608,5.925300149930705,1.7062493930700793,6.048097355103581,-0.09883636721619388,2.0187027094748955,StrikeSwinging
Sample Pitcher,Slider,80.68079962079422,2372.865140810542,0.2477623366017232,-1.9042977909040202,6.070132554524878,1.8115446574877934,6.325399100386252,1.7401727813571415,2.697697746004212,BallCalled
Sample Pitcher,Changeup,82.8760335613568,1604.9820629789738,9.108744116532598,12.813638944411608,5.79919746071508,1.891190930060916,5.899022618336031,1.3475846428435698,1.1969309987335777,BallCalled
Sample Pitcher,Fastball,93.68702260529628,2478.0992824879136,15.937994078554135,8.612527369162455,5.8597844460463415,2.094217773564547,5.931668073779281,-0.7336735590922284,2.498630215839634,StrikeCalled
Sample Pitcher,Fastball,91.9079200418485,2302.3850034287116,15.493244002974606,6.350493937986786,5.704495008512598,1.7810633430847829,6.350450489493124,0.11242747304295789,1.4976297706044384,BallCalled
Sample Pitcher,Slider,82.470004119574,2325.9038589198726,-1.7443514817411478,-2.677016532151655,5.84174643365732,1.7938054026989156,6.115154965603772,-1.0984346325376242,2.0807636250526054,InPlay
Sample Pitcher,Slider,82.65353840389177,2396.8525589172964,-0.6930584262682822,-3.498518760177345,6.286103543791006,2.0291178518969266,6.233950819342383,-0.9840821481435907,4.058401930692168,BallCalled
Sample Pitcher,Fastball,91.15253835484648,2113.7703440528435,15.713340685330135,8.78759616497591,6.0166899746165665,1.7176251212552858,6.180350382001137,-0.8981044482227848,3.0991307829306627,BallCalled
Sample Pitcher,Slider,80.94646854463005,2669.8312462220524,1.861147266362231,-2.239386095814872,5.860290437165959,1.6013470450856728,6.09293308954121,-0.1691240133313748,2.3036905628765196,StrikeCalled
